chr,hg38,hg19,name,product,our hirisplex,export hirisplex,other
chr20,34150806,32738612,rs1015362,177605,,,polish_skin
chr11,89178528,88911696,rs1042602,177581,hair_color hair_shade,hirisplex_export,
chr9,16858086,16858084,rs10756819,177084,,hirisplex_export,
chr16,89919722,89986130,rs1110400,177582,hair_color hair_shade,hirisplex_export,
chr16,31087690,31099011,rs11150606,,,,
chr3,138956899,138675741,rs112458845,,,,
chr11,89284793,89017961,rs1126809,177085,,hirisplex_export,
chr15,28111713,28356859,rs1129038,177086,,hirisplex_export,
chr16,89919683,89986091,rs11547464,177583,hair_color hair_shade,hirisplex_export,
chr7,114349147,113989202,rs117717824,,,,
chr1,152110849,152083325,rs11803731,177606,,,hair_curl
chr6,396321,396321,rs12203592,177584,hair_color hair_shade eye_color,hirisplex_export,polish_skin
chr15,28026629,28271775,rs12441727,177087,,hirisplex_export,
chr12,88934558,89328335,rs12821256,177585,hair_color hair_shade,hirisplex_export,
chr14,92307319,92773663,rs12896399,177586,eye_color,hirisplex_export,
chr15,28120472,28365618,rs12913832,177587,hair_color hair_shade eye_color,hirisplex_export,polish_skin
chrX,66605144,65824986,rs1385699,,,,balding
chr11,89277878,89011046,rs1393350,177588,eye_color,hirisplex_export,polish_skin
chr15,48134287,48426484,rs1426654,177088,,hirisplex_export,
chr15,28042975,28288121,rs1470608,177089,,hirisplex_export,
chr15,27942626,28187772,rs1545397,177090,,hirisplex_export,
chr15,28285036,28530182,rs1667394,177091,,hirisplex_export,
chr5,33951588,33951693,rs16891982,177589,hair_color hair_shade eye_color,hirisplex_export,polish_skin
chr14,92416482,92882826,rs17128291,177092,,hirisplex_export,
chr10,8272081,8314044,rs17143387,,,,
chr1,152090291,152062767,rs17646946,177607,,,hair_curl
chr15,27985172,28230318,rs1800407,177590,hair_color hair_shade eye_color,hirisplex_export,polish_skin
chr15,27951891,28197037,rs1800414,177093,,hirisplex_export,
chr16,89919436,89985844,rs1805005,177591,hair_color hair_shade,hirisplex_export,
chr16,89919510,89985918,rs1805006,177592,hair_color hair_shade,hirisplex_export,
chr16,89919709,89986117,rs1805007,177593,hair_color hair_shade,hirisplex_export,polish_skin
chr16,89919736,89986144,rs1805008,177594,hair_color hair_shade,hirisplex_export,
chr16,89920138,89986546,rs1805009,177595,hair_color hair_shade,hirisplex_export,
chr5,33964105,33964210,rs183671,,,,
chr16,89919714,89986122,rs201326893,177596,hair_color,hirisplex_export,
chr20,21872462,21853100,rs2180439,,,,
chr2,222169363,223034082,rs2218065,,,,
chr16,89919532,89985940,rs2228479,177597,hair_color hair_shade,hirisplex_export,
chr15,28208069,28453215,rs2238289,177094,,hirisplex_export,
chr20,34630286,33218090,rs2378249,177598,hair_color hair_shade,hirisplex_export,
chr14,92334859,92801203,rs2402130,177599,hair_color hair_shade,hirisplex_export,
chrX,67407598,66627440,rs2497911,,,,
chr10,86233584,87993341,rs2814331,,,,
chr5,33958854,33958959,rs28777,177600,hair_color hair_shade,hirisplex_export,
chr16,89317317,89383725,rs3114908,177095,,hirisplex_export,
chr16,89919342,89985750,rs312262906,177601,hair_color,hirisplex_export,
chr16,89917970,89984378,rs3212355,177096,,hirisplex_export,
chr2,108959280,109575736,rs365060,,,,
chr2,108897145,109513601,rs3827760,,,,
chr4,53645746,54511913,rs4864809,,,,
chr20,34141638,32729444,rs4911414,,,,polish_skin
chr6,457748,457748,rs4959270,177602,hair_color hair_shade,hirisplex_export,
chrX,67605515,66825357,rs5919393,,,,
chr11,88854788,88587956,rs598952,,,,
chr20,34077942,32665748,rs6059655,177097,,hirisplex_export,
chr20,34197406,32785212,rs6119471,177098,,hirisplex_export,
chr15,28251049,28496195,rs6497292,177099,,hirisplex_export,
chr9,12709305,12709305,rs683,177603,hair_color hair_shade,hirisplex_export,
chr6,105588276,106036151,rs6901317,,,,
chr2,218891661,219756383,rs7349332,177608,,,hair_curl
chr16,89957798,90024206,rs8051733,177100,,hirisplex_export,
chr16,89919746,89986154,rs885479,177604,hair_color hair_shade,hirisplex_export,
chr15,28099092,28344238,rs7495174,,,,
chr16,89752324,89818732,rs12931267,,,,
chr15,28268218,28513364,rs916977,,,,
chr15,28090674,28335820,rs4778138,,,,polish_skin
chr11,69078931,68846399,rs35264875,,,,
chr12,88567936,88961713,rs10777129,,,,
chr15,28093567,28338713,rs4778241,,,,polish_skin
chr15,28036619,28281765,rs4778232,,,,
chr15,28038543,28283689,rs8024968,,,,
chr15,28141480,28386626,rs11636232,,,,
chr15,28120587,28365733,rs7183877,,,,
chr15,28046666,28291812,rs1375164,,,,
chr9,12672097,12672097,rs1408799,,,,
chr9,12672130,12672130,rs62538946,,,,
chr15,28285213,28530359,rs12592730,,,,
chr5,33963765,33963870,rs26722,,,,
chr20,34269192,32856998,rs6058017,,,,polish_skin
chr5,33986304,33986409,rs13289,,,,
chr15,28038295,28283441,rs1448484,,,,
chr11,69087895,68855363,rs3829241,,,,
chr5,33986304,33986409,rs13289,,,,
chr12,47844974,48238757,rs731236,,,,polish_skin
